surveyid,rid,qid,qheading,qfamily,choice_id,choice_text,text
119545033,6282844807,137798396,Please select one choice,multiple_choice,1006009998,Two,
119545033,6282844807,137798396,Please select one choice,multiple_choice,1006009999,Three,
119545033,6282844807,137798397,How likely is it that you would recommend this company to a friend or colleague?,matrix,1006010002,1,
119545033,6282844807,137798398,What is your gender?,single_choice,1006010016,Male,
119545033,6282844807,137798399,What is your age?,single_choice,1006010023,75 or older,
119545033,6282844807,137798400,What is your first name?,open_ended,,,old
119545033,6282844807,137798401,What is your last name?,open_ended,,,very old
119545033,6282849440,137798396,Please select one choice,multiple_choice,1006009999,Three,
119545033,6282849440,137798396,Please select one choice,multiple_choice,other,four and five,
119545033,6282849440,137798397,How likely is it that you would recommend this company to a friend or colleague?,matrix,1006010004,3,
119545033,6282849440,137798398,What is your gender?,single_choice,1006010016,Male,
119545033,6282849440,137798399,What is your age?,single_choice,1006010018,25 to 34,
119545033,6282849440,137798400,What is your first name?,open_ended,,,Firstname is small
119545033,6282849440,137798401,What is your last name?,open_ended,,,Lname 
119545033,6282849440,137798402,What is the highest level of school you have completed or the highest degree you have received? ,single_choice,other,gdfffff,
119545033,6282849440,137798403,Please enter your comments,open_ended,,,i want to write many words here.
119545033,6282849440,137798404,What changes would this service have to make for you to give it a higher rating?,open_ended,,,nothing great
119545033,6282849440,137798405,At which location do you work?,open_ended,,,Bangalore
119545033,6282850564,137798396,Please select one choice,multiple_choice,1006009997,One,
119545033,6282850564,137798396,Please select one choice,multiple_choice,1006009998,Two,
119545033,6282850564,137798397,How likely is it that you would recommend this company to a friend or colleague?,matrix,1006010004,3,
119545033,6282850564,137798398,What is your gender?,single_choice,1006010015,Female,
119545033,6282850564,137798399,What is your age?,single_choice,1006010019,35 to 44,
119545033,6282850564,137798400,What is your first name?,open_ended,,,MMM
119545033,6282850564,137798401,What is your last name?,open_ended,,,M
119545033,6282850564,137798402,What is the highest level of school you have completed or the highest degree you have received? ,single_choice,1006010029,Associate degree,
119545033,6282850564,137798403,Please enter your comments,open_ended,,,more comments 
119545033,6282850564,137798404,What changes would this service have to make for you to give it a higher rating?,open_ended,,,first
119545033,6282850564,137798405,At which location do you work?,open_ended,,,Bang Bang
119545033,6282859337,137798396,Please select one choice,multiple_choice,1006009997,One,
119545033,6282859337,137798396,Please select one choice,multiple_choice,1006009998,Two,
119545033,6282859337,137798396,Please select one choice,multiple_choice,other,Four Five and Six,
119545033,6282859337,137798397,How likely is it that you would recommend this company to a friend or colleague?,matrix,1006010007,6,
119545033,6282859337,137798398,What is your gender?,single_choice,1006010016,Male,
119545033,6282859337,137798399,What is your age?,single_choice,1006010021,55 to 64,
119545033,6282859337,137798400,What is your first name?,open_ended,,,Meg
119545033,6282859337,137798401,What is your last name?,open_ended,,,Mun
119545033,6282859337,137798402,What is the highest level of school you have completed or the highest degree you have received? ,single_choice,other,no education,
119545033,6282859337,137798403,Please enter your comments,open_ended,,,lot of them
119545033,6282859337,137798404,What changes would this service have to make for you to give it a higher rating?,open_ended,,,one
119545033,6282859337,137798405,At which location do you work?,open_ended,,,Karnataka
